beneficiary_id,name
vendor_0001,Vendor-0001
vendor_0002,Vendor-0002
vendor_0003,Vendor-0003
vendor_0004,Vendor-0004
vendor_0005,Vendor-0005
vendor_0006,Vendor-0006
vendor_0007,Vendor-0007
vendor_0008,Vendor-0008
vendor_0009,Vendor-0009
vendor_0010,Vendor-0010
vendor_0011,Vendor-0011
vendor_0012,Vendor-0012
vendor_0013,Vendor-0013
vendor_0014,Vendor-0014
vendor_0015,Vendor-0015
vendor_0016,Vendor-0016
vendor_0017,Vendor-0017
vendor_0018,Vendor-0018
vendor_0019,Vendor-0019
vendor_0020,Vendor-0020
vendor_0021,Vendor-0021
vendor_0022,Vendor-0022
vendor_0023,Vendor-0023
vendor_0024,Vendor-0024
vendor_0025,Vendor-0025
vendor_0026,Vendor-0026
vendor_0027,Vendor-0027
vendor_0028,Vendor-0028
vendor_0029,Vendor-0029
vendor_0030,Vendor-0030
vendor_0031,Vendor-0031
vendor_0032,Vendor-0032
vendor_0033,Vendor-0033
vendor_0034,Vendor-0034
vendor_0035,Vendor-0035
vendor_0036,Vendor-0036
vendor_0037,Vendor-0037
vendor_0038,Vendor-0038
vendor_0039,Vendor-0039
vendor_0040,Vendor-0040
vendor_0041,Vendor-0041
vendor_0042,Vendor-0042
vendor_0043,Vendor-0043
vendor_0044,Vendor-0044
vendor_0045,Vendor-0045
vendor_0046,Vendor-0046
vendor_0047,Vendor-0047
vendor_0048,Vendor-0048
vendor_0049,Vendor-0049
vendor_0050,Vendor-0050
vendor_0051,Vendor-0051
vendor_0052,Vendor-0052
vendor_0053,Vendor-0053
vendor_0054,Vendor-0054
vendor_0055,Vendor-0055
vendor_0056,Vendor-0056
vendor_0057,Vendor-0057
vendor_0058,Vendor-0058
vendor_0059,Vendor-0059
vendor_0060,Vendor-0060
vendor_0061,Vendor-0061
vendor_0062,Vendor-0062
vendor_0063,Vendor-0063
vendor_0064,Vendor-0064
vendor_0065,Vendor-0065
vendor_0066,Vendor-0066
vendor_0067,Vendor-0067
vendor_0068,Vendor-0068
vendor_0069,Vendor-0069
vendor_0070,Vendor-0070
vendor_0071,Vendor-0071
vendor_0072,Vendor-0072
vendor_0073,Vendor-0073
vendor_0074,Vendor-0074
vendor_0075,Vendor-0075
vendor_0076,Vendor-0076
vendor_0077,Vendor-0077
vendor_0078,Vendor-0078
vendor_0079,Vendor-0079
vendor_0080,Vendor-0080
vendor_0081,Vendor-0081
vendor_0082,Vendor-0082
vendor_0083,Vendor-0083
vendor_0084,Vendor-0084
vendor_0085,Vendor-0085
vendor_0086,Vendor-0086
vendor_0087,Vendor-0087
vendor_0088,Vendor-0088
vendor_0089,Vendor-0089
vendor_0090,Vendor-0090
vendor_0091,Vendor-0091
vendor_0092,Vendor-0092
vendor_0093,Vendor-0093
vendor_0094,Vendor-0094
vendor_0095,Vendor-0095
vendor_0096,Vendor-0096
vendor_0097,Vendor-0097
vendor_0098,Vendor-0098
vendor_0099,Vendor-0099
vendor_0100,Vendor-0100
vendor_0101,Vendor-0101
vendor_0102,Vendor-0102
vendor_0103,Vendor-0103
vendor_0104,Vendor-0104
vendor_0105,Vendor-0105
vendor_0106,Vendor-0106
vendor_0107,Vendor-0107
vendor_0108,Vendor-0108
vendor_0109,Vendor-0109
vendor_0110,Vendor-0110
vendor_0111,Vendor-0111
vendor_0112,Vendor-0112
vendor_0113,Vendor-0113
vendor_0114,Vendor-0114
vendor_0115,Vendor-0115
vendor_0116,Vendor-0116
vendor_0117,Vendor-0117
vendor_0118,Vendor-0118
vendor_0119,Vendor-0119
vendor_0120,Vendor-0120
vendor_0121,Vendor-0121
vendor_0122,Vendor-0122
vendor_0123,Vendor-0123
vendor_0124,Vendor-0124
vendor_0125,Vendor-0125
vendor_0126,Vendor-0126
vendor_0127,Vendor-0127
vendor_0128,Vendor-0128
vendor_0129,Vendor-0129
vendor_0130,Vendor-0130
vendor_0131,Vendor-0131
vendor_0132,Vendor-0132
vendor_0133,Vendor-0133
vendor_0134,Vendor-0134
vendor_0135,Vendor-0135
vendor_0136,Vendor-0136
vendor_0137,Vendor-0137
vendor_0138,Vendor-0138
vendor_0139,Vendor-0139
vendor_0140,Vendor-0140
vendor_0141,Vendor-0141
vendor_0142,Vendor-0142
vendor_0143,Vendor-0143
vendor_0144,Vendor-0144
vendor_0145,Vendor-0145
vendor_0146,Vendor-0146
vendor_0147,Vendor-0147
vendor_0148,Vendor-0148
vendor_0149,Vendor-0149
vendor_0150,Vendor-0150
vendor_0151,Vendor-0151
vendor_0152,Vendor-0152
vendor_0153,Vendor-0153
vendor_0154,Vendor-0154
vendor_0155,Vendor-0155
vendor_0156,Vendor-0156
vendor_0157,Vendor-0157
vendor_0158,Vendor-0158
vendor_0159,Vendor-0159
vendor_0160,Vendor-0160
vendor_0161,Vendor-0161
vendor_0162,Vendor-0162
vendor_0163,Vendor-0163
vendor_0164,Vendor-0164
vendor_0165,Vendor-0165
vendor_0166,Vendor-0166
vendor_0167,Vendor-0167
vendor_0168,Vendor-0168
vendor_0169,Vendor-0169
vendor_0170,Vendor-0170
vendor_0171,Vendor-0171
vendor_0172,Vendor-0172
vendor_0173,Vendor-0173
vendor_0174,Vendor-0174
vendor_0175,Vendor-0175
vendor_0176,Vendor-0176
vendor_0177,Vendor-0177
vendor_0178,Vendor-0178
vendor_0179,Vendor-0179
vendor_0180,Vendor-0180
vendor_0181,Vendor-0181
vendor_0182,Vendor-0182
vendor_0183,Vendor-0183
vendor_0184,Vendor-0184
vendor_0185,Vendor-0185
vendor_0186,Vendor-0186
vendor_0187,Vendor-0187
vendor_0188,Vendor-0188
vendor_0189,Vendor-0189
vendor_0190,Vendor-0190
vendor_0191,Vendor-0191
vendor_0192,Vendor-0192
vendor_0193,Vendor-0193
vendor_0194,Vendor-0194
vendor_0195,Vendor-0195
vendor_0196,Vendor-0196
vendor_0197,Vendor-0197
vendor_0198,Vendor-0198
vendor_0199,Vendor-0199
vendor_0200,Vendor-0200
vendor_0201,Vendor-0201
vendor_0202,Vendor-0202
vendor_0203,Vendor-0203
vendor_0204,Vendor-0204
vendor_0205,Vendor-0205
vendor_0206,Vendor-0206
vendor_0207,Vendor-0207
vendor_0208,Vendor-0208
vendor_0209,Vendor-0209
vendor_0210,Vendor-0210
vendor_0211,Vendor-0211
vendor_0212,Vendor-0212
vendor_0213,Vendor-0213
vendor_0214,Vendor-0214
vendor_0215,Vendor-0215
vendor_0216,Vendor-0216
vendor_0217,Vendor-0217
vendor_0218,Vendor-0218
vendor_0219,Vendor-0219
vendor_0220,Vendor-0220
vendor_0221,Vendor-0221
vendor_0222,Vendor-0222
vendor_0223,Vendor-0223
vendor_0224,Vendor-0224
vendor_0225,Vendor-0225
vendor_0226,Vendor-0226
vendor_0227,Vendor-0227
vendor_0228,Vendor-0228
vendor_0229,Vendor-0229
vendor_0230,Vendor-0230
vendor_0231,Vendor-0231
vendor_0232,Vendor-0232
vendor_0233,Vendor-0233
vendor_0234,Vendor-0234
vendor_0235,Vendor-0235
vendor_0236,Vendor-0236
vendor_0237,Vendor-0237
vendor_0238,Vendor-0238
vendor_0239,Vendor-0239
vendor_0240,Vendor-0240
vendor_0241,Vendor-0241
vendor_0242,Vendor-0242
vendor_0243,Vendor-0243
vendor_0244,Vendor-0244
vendor_0245,Vendor-0245
vendor_0246,Vendor-0246
vendor_0247,Vendor-0247
vendor_0248,Vendor-0248
vendor_0249,Vendor-0249
vendor_0250,Vendor-0250
vendor_0251,Vendor-0251
vendor_0252,Vendor-0252
vendor_0253,Vendor-0253
vendor_0254,Vendor-0254
vendor_0255,Vendor-0255
vendor_0256,Vendor-0256
vendor_0257,Vendor-0257
vendor_0258,Vendor-0258
vendor_0259,Vendor-0259
vendor_0260,Vendor-0260
vendor_0261,Vendor-0261
vendor_0262,Vendor-0262
vendor_0263,Vendor-0263
vendor_0264,Vendor-0264
vendor_0265,Vendor-0265
vendor_0266,Vendor-0266
vendor_0267,Vendor-0267
vendor_0268,Vendor-0268
vendor_0269,Vendor-0269
vendor_0270,Vendor-0270
vendor_0271,Vendor-0271
vendor_0272,Vendor-0272
vendor_0273,Vendor-0273
vendor_0274,Vendor-0274
vendor_0275,Vendor-0275
vendor_0276,Vendor-0276
vendor_0277,Vendor-0277
vendor_0278,Vendor-0278
vendor_0279,Vendor-0279
vendor_0280,Vendor-0280
vendor_0281,Vendor-0281
vendor_0282,Vendor-0282
vendor_0283,Vendor-0283
vendor_0284,Vendor-0284
vendor_0285,Vendor-0285
vendor_0286,Vendor-0286
vendor_0287,Vendor-0287
vendor_0288,Vendor-0288
vendor_0289,Vendor-0289
vendor_0290,Vendor-0290
vendor_0291,Vendor-0291
vendor_0292,Vendor-0292
vendor_0293,Vendor-0293
vendor_0294,Vendor-0294
vendor_0295,Vendor-0295
vendor_0296,Vendor-0296
vendor_0297,Vendor-0297
vendor_0298,Vendor-0298
vendor_0299,Vendor-0299
vendor_0300,Vendor-0300
vendor_0301,Vendor-0301
vendor_0302,Vendor-0302
vendor_0303,Vendor-0303
vendor_0304,Vendor-0304
vendor_0305,Vendor-0305
vendor_0306,Vendor-0306
vendor_0307,Vendor-0307
vendor_0308,Vendor-0308
vendor_0309,Vendor-0309
vendor_0310,Vendor-0310
vendor_0311,Vendor-0311
vendor_0312,Vendor-0312
vendor_0313,Vendor-0313
vendor_0314,Vendor-0314
vendor_0315,Vendor-0315
vendor_0316,Vendor-0316
vendor_0317,Vendor-0317
vendor_0318,Vendor-0318
vendor_0319,Vendor-0319
vendor_0320,Vendor-0320
vendor_0321,Vendor-0321
vendor_0322,Vendor-0322
vendor_0323,Vendor-0323
vendor_0324,Vendor-0324
vendor_0325,Vendor-0325
vendor_0326,Vendor-0326
vendor_0327,Vendor-0327
vendor_0328,Vendor-0328
vendor_0329,Vendor-0329
vendor_0330,Vendor-0330
vendor_0331,Vendor-0331
vendor_0332,Vendor-0332
vendor_0333,Vendor-0333
vendor_0334,Vendor-0334
vendor_0335,Vendor-0335
vendor_0336,Vendor-0336
vendor_0337,Vendor-0337
vendor_0338,Vendor-0338
vendor_0339,Vendor-0339
vendor_0340,Vendor-0340
vendor_0341,Vendor-0341
vendor_0342,Vendor-0342
vendor_0343,Vendor-0343
vendor_0344,Vendor-0344
vendor_0345,Vendor-0345
vendor_0346,Vendor-0346
vendor_0347,Vendor-0347
vendor_0348,Vendor-0348
vendor_0349,Vendor-0349
vendor_0350,Vendor-0350
vendor_0351,Vendor-0351
vendor_0352,Vendor-0352
vendor_0353,Vendor-0353
vendor_0354,Vendor-0354
vendor_0355,Vendor-0355
vendor_0356,Vendor-0356
vendor_0357,Vendor-0357
vendor_0358,Vendor-0358
vendor_0359,Vendor-0359
vendor_0360,Vendor-0360
vendor_0361,Vendor-0361
vendor_0362,Vendor-0362
vendor_0363,Vendor-0363
vendor_0364,Vendor-0364
vendor_0365,Vendor-0365
vendor_0366,Vendor-0366
vendor_0367,Vendor-0367
vendor_0368,Vendor-0368
vendor_0369,Vendor-0369
vendor_0370,Vendor-0370
vendor_0371,Vendor-0371
vendor_0372,Vendor-0372
vendor_0373,Vendor-0373
vendor_0374,Vendor-0374
vendor_0375,Vendor-0375
vendor_0376,Vendor-0376
vendor_0377,Vendor-0377
vendor_0378,Vendor-0378
vendor_0379,Vendor-0379
vendor_0380,Vendor-0380
vendor_0381,Vendor-0381
vendor_0382,Vendor-0382
vendor_0383,Vendor-0383
vendor_0384,Vendor-0384
vendor_0385,Vendor-0385
vendor_0386,Vendor-0386
vendor_0387,Vendor-0387
vendor_0388,Vendor-0388
vendor_0389,Vendor-0389
vendor_0390,Vendor-0390
vendor_0391,Vendor-0391
vendor_0392,Vendor-0392
vendor_0393,Vendor-0393
vendor_0394,Vendor-0394
vendor_0395,Vendor-0395
vendor_0396,Vendor-0396
vendor_0397,Vendor-0397
vendor_0398,Vendor-0398
vendor_0399,Vendor-0399
vendor_0400,Vendor-0400
vendor_0401,Vendor-0401
vendor_0402,Vendor-0402
vendor_0403,Vendor-0403
vendor_0404,Vendor-0404
vendor_0405,Vendor-0405
vendor_0406,Vendor-0406
vendor_0407,Vendor-0407
vendor_0408,Vendor-0408
vendor_0409,Vendor-0409
vendor_0410,Vendor-0410
vendor_0411,Vendor-0411
vendor_0412,Vendor-0412
vendor_0413,Vendor-0413
vendor_0414,Vendor-0414
vendor_0415,Vendor-0415
vendor_0416,Vendor-0416
vendor_0417,Vendor-0417
vendor_0418,Vendor-0418
vendor_0419,Vendor-0419
vendor_0420,Vendor-0420
vendor_0421,Vendor-0421
vendor_0422,Vendor-0422
vendor_0423,Vendor-0423
vendor_0424,Vendor-0424
vendor_0425,Vendor-0425
vendor_0426,Vendor-0426
vendor_0427,Vendor-0427
vendor_0428,Vendor-0428
vendor_0429,Vendor-0429
vendor_0430,Vendor-0430
vendor_0431,Vendor-0431
vendor_0432,Vendor-0432
vendor_0433,Vendor-0433
vendor_0434,Vendor-0434
vendor_0435,Vendor-0435
vendor_0436,Vendor-0436
vendor_0437,Vendor-0437
vendor_0438,Vendor-0438
vendor_0439,Vendor-0439
vendor_0440,Vendor-0440
vendor_0441,Vendor-0441
vendor_0442,Vendor-0442
vendor_0443,Vendor-0443
vendor_0444,Vendor-0444
vendor_0445,Vendor-0445
vendor_0446,Vendor-0446
vendor_0447,Vendor-0447
vendor_0448,Vendor-0448
vendor_0449,Vendor-0449
vendor_0450,Vendor-0450
vendor_0451,Vendor-0451
vendor_0452,Vendor-0452
vendor_0453,Vendor-0453
vendor_0454,Vendor-0454
vendor_0455,Vendor-0455
vendor_0456,Vendor-0456
vendor_0457,Vendor-0457
vendor_0458,Vendor-0458
vendor_0459,Vendor-0459
vendor_0460,Vendor-0460
vendor_0461,Vendor-0461
vendor_0462,Vendor-0462
vendor_0463,Vendor-0463
vendor_0464,Vendor-0464
vendor_0465,Vendor-0465
vendor_0466,Vendor-0466
vendor_0467,Vendor-0467
vendor_0468,Vendor-0468
vendor_0469,Vendor-0469
vendor_0470,Vendor-0470
vendor_0471,Vendor-0471
vendor_0472,Vendor-0472
vendor_0473,Vendor-0473
vendor_0474,Vendor-0474
vendor_0475,Vendor-0475
vendor_0476,Vendor-0476
vendor_0477,Vendor-0477
vendor_0478,Vendor-0478
vendor_0479,Vendor-0479
vendor_0480,Vendor-0480
vendor_0481,Vendor-0481
vendor_0482,Vendor-0482
vendor_0483,Vendor-0483
vendor_0484,Vendor-0484
vendor_0485,Vendor-0485
vendor_0486,Vendor-0486
vendor_0487,Vendor-0487
vendor_0488,Vendor-0488
vendor_0489,Vendor-0489
vendor_0490,Vendor-0490
vendor_0491,Vendor-0491
vendor_0492,Vendor-0492
vendor_0493,Vendor-0493
vendor_0494,Vendor-0494
vendor_0495,Vendor-0495
vendor_0496,Vendor-0496
vendor_0497,Vendor-0497
vendor_0498,Vendor-0498
vendor_0499,Vendor-0499
vendor_0500,Vendor-0500
